{
    "cnn": {
        "t_loss": [
            0.9908868966201062,
            0.8362583407258566,
            0.7710854410421883,
            0.7130375119085509,
            0.6967857027827462,
            0.6621380706452339,
            0.6483894835179534,
            0.6219177892426122,
            0.6199907748748419,
            0.6063886242981857,
            0.6065184833377512,
            0.5917168648897019,
            0.5958405460579909,
            0.6004402046885814,
            0.5953054898256398,
            0.5973644770703836,
            0.5998497493499149,
            0.5966324983796539,
            0.5942331130525708,
            0.5903347934241844,
            0.5890891062123234,
            0.5885544972082155,
            0.5906002892505454,
            0.5874421468174915,
            0.589327441942727
        ],
        "t_acc": [
            0.6176991150442478,
            0.6855457227138643,
            0.7073746312684366,
            0.7321533923303835,
            0.7398230088495575,
            0.7604719764011799,
            0.759882005899705,
            0.7787610619469026,
            0.7651917404129793,
            0.7899705014749262,
            0.783480825958702,
            0.7882005899705015,
            0.7852507374631268,
            0.775811209439528,
            0.7828908554572271,
            0.7876106194690266,
            0.7805309734513274,
            0.776401179941003,
            0.791740412979351,
            0.7864306784660767,
            0.7887905604719764,
            0.7817109144542773,
            0.7952802359882006,
            0.7952802359882006,
            0.7811209439528024
        ],
        "v_loss": [
            0.8613957157173004,
            0.7610524280137749,
            0.7275250280995768,
            0.6851869037901738,
            0.7226095280324321,
            0.860409488537872,
            0.6100151726449153,
            0.5730867419109876,
            0.5626338176518323,
            0.555571443293674,
            0.5576722909254856,
            0.5500757846224356,
            0.5487268752310855,
            0.5514705829411389,
            0.5462283670189846,
            0.5463042230720064,
            0.5429957376058359,
            0.5466123949958983,
            0.5425798361044956,
            0.5450972009939976,
            0.5412940967130471,
            0.5499297287834592,
            0.5459828911074605,
            0.5423304419593508,
            0.5444099824742017
        ],
        "v_acc": [
            0.6772908366533864,
            0.701195219123506,
            0.703187250996016,
            0.7828685258964143,
            0.7290836653386454,
            0.6334661354581673,
            0.7689243027888446,
            0.7908366533864541,
            0.8227091633466136,
            0.8187250996015937,
            0.8067729083665338,
            0.8187250996015937,
            0.8127490039840638,
            0.8247011952191236,
            0.8187250996015937,
            0.8207171314741036,
            0.8167330677290837,
            0.8227091633466136,
            0.8167330677290837,
            0.8266932270916335,
            0.8286852589641435,
            0.8167330677290837,
            0.8127490039840638,
            0.8227091633466136,
            0.8266932270916335
        ]
    },
    "tl": {
        "t_loss": [
            1.316210908172405,
            1.181747098095649,
            1.0893271982142356,
            1.0015902193598338,
            0.9365807301175277,
            0.8731179844313315,
            0.8310145841938907,
            0.796161220101832,
            0.7994784328438188,
            0.7932526272658401,
            0.7876029012477503,
            0.7842077691294802,
            0.772183571698743,
            0.7869202653566997,
            0.7708932891707856,
            0.7755233940824998,
            0.779102181790501,
            0.7783625455029243,
            0.7753120340780523,
            0.7730331587932103,
            0.7799425989477332,
            0.7738192022725896,
            0.7745005061492808,
            0.7804266018853426,
            0.7651011495463615
        ],
        "t_acc": [
            0.4672566371681416,
            0.6076696165191741,
            0.6761061946902654,
            0.7233038348082595,
            0.7563421828908554,
            0.7610619469026548,
            0.791740412979351,
            0.7946902654867256,
            0.7976401179941003,
            0.7929203539823009,
            0.8017699115044248,
            0.7935103244837758,
            0.7982300884955752,
            0.7864306784660767,
            0.8023598820058997,
            0.8058997050147493,
            0.7964601769911505,
            0.800589970501475,
            0.7952802359882006,
            0.8,
            0.7970501474926254,
            0.7976401179941003,
            0.7970501474926254,
            0.8041297935103244,
            0.8058997050147493
        ],
        "v_loss": [
            1.2889768949067926,
            1.1591850129731622,
            1.069627740468637,
            1.0129031949784175,
            0.9332660864073917,
            0.8819235439794472,
            0.8553198856186581,
            0.8293314970347035,
            0.8360080025585525,
            0.8195819085337727,
            0.8210438668015468,
            0.8414550278766222,
            0.8055756716614225,
            0.8074992503302981,
            0.8390065645316682,
            0.8119323764189306,
            0.8063823395516293,
            0.8494832282997222,
            0.7999773868526595,
            0.8006306019912203,
            0.8020042815056455,
            0.8165139384953625,
            0.7976505697010998,
            0.8199012630964181,
            0.8052131918322043
        ],
        "v_acc": [
            0.49203187250996017,
            0.5916334661354582,
            0.6972111553784861,
            0.7191235059760956,
            0.7370517928286853,
            0.7768924302788844,
            0.7689243027888446,
            0.7788844621513944,
            0.7768924302788844,
            0.7808764940239044,
            0.7749003984063745,
            0.7768924302788844,
            0.7729083665338645,
            0.7828685258964143,
            0.7709163346613546,
            0.8007968127490039,
            0.7868525896414342,
            0.7609561752988048,
            0.798804780876494,
            0.7948207171314741,
            0.7888446215139442,
            0.7828685258964143,
            0.7888446215139442,
            0.7868525896414342,
            0.7808764940239044
        ]
    }
}